keyword,search_volume,difficulty
linen shirt,14800,42
Linen Shirt ,14800,42
linen  shirt,14800,42
buy linen shirt online,2400,35
how to wash linen shirts,6600,18
best linen shirts 2026,3900,51
linen vs cotton shirt,2900,22
halden login,880,5
halden store miami,590,8
merino wool sweater,9900,47
merino sweater sale,1900,38
is merino wool itchy,4400,12
waxed jacket,8100,45
how to rewax a waxed jacket,2400,15
best waxed jacket for rain,1300,33
waxed field jacket olive,720,24
wool throw blanket,5400,40
order wool throw blanket,320,21
chino trousers men,6600,44
chinos vs trousers,1600,19
halden returns policy,480,6
leather belt brown,4400,39
cheap leather belt,2900,41
stoneware mug set,3600,30
stoneware vs ceramic mugs,1900,17
linen duvet cover queen,2400,36
halden discount code,1300,9
