vendor_sku,vendor_name,vendor_price,currency
ts1001,Northshore Textiles,61.95,USD
TS-1002,Northshore Textiles,70.4,USD
ts-1003,Northshore Textiles,98.5,USD
KN2001,Highland Knits,101.15,USD
KN-2002,Highland Knits,141.0,USD
ow 3001,Fieldcraft Supply,311.25,USD
OW-3002,Fieldcraft Supply,125.0,USD
TR-4001,Fieldcraft Supply,79.0,USD
TR-4002,Highland Knits,133.0,USD
AC-5001,Brass & Hide Co.,52.0,USD
AC-5002,Highland Knits,31.5,USD
HM-6001,Casa Linen,204.0,USD
HM-6002,Casa Linen,39.0,USD
XX-9001,Casa Linen,22.0,USD
