Item Code, Product Title,Unit Cost ($),Qty Available,Colour,Dept.
NS-701,  Garment-Dyed Tee ,18.50,120,Bone,Tops
NS-702,Heavyweight Hoodie,42,60,Black,Tops
,Ribbed Tank Top,12.00,80,White,Tops
NS-704,,25.00,40,Navy,Tops
NS-705,   ,31.00,35,Grey,Tops
,,,,,
NS-706,Fleece Joggers,N/A,50,Heather,Bottoms
NS-707,Utility Cargo Pants,48.00,,Khaki,Bottoms
NS-702,Heavyweight Hoodie,42,60,Black,Tops
 ns-708 ,Corduroy Cap,22.00,90,Rust,Accessories
NS-709,Waffle Knit Henley,$29.99,70,Oat,Tops
,,15.00,10,Red,Tops
